ACCIDENT_NO,ACCIDENT_DATE,ACCIDENT_TIME,DAY_WEEK_DESC,ACCIDENT_TYPE,ACCIDENT_TYPE_DESC,SEVERITY_RANK,LIGHT_CONDITION_DESC,LGA_NAME,DEG_URBAN_NAME,ROAD_GEOMETRY_DESC,SPEED_ZONE,LATITUDE,LONGITUDE
T20140001475,18/1/2014,17:40:00,Saturday,1,Collision with vehicle,2,Day,BASS COAST,RURAL_VICTORIA,Not at intersection,100,-38.570911,145.567828
T20140001769,27/1/2014,10:05:00,Monday,1,Collision with vehicle,3,Day,BASS COAST,RURAL_VICTORIA,Cross intersection,100,-38.482091,145.220135
T20140001902,26/1/2014,14:15:00,Sunday,8,No collision and no object struck,2,Day,BASS COAST,TOWNS,T intersection,60,-38.614648,145.595976
T20140001958,30/1/2014,11:00:00,Thursday,4,Collision with a fixed object,3,Day,BASS COAST,RURAL_VICTORIA,Not at intersection,60,-38.482097,145.25804
T20140002279,3/2/2014,15:20:00,Monday,4,Collision with a fixed object,3,Day,BASS COAST,RURAL_VICTORIA,T intersection,100,-38.609921,145.755398
T20140004824,8/3/2014,8:04:00,Saturday,1,Collision with vehicle,3,Day,BASS COAST,TOWNS,Not at intersection,50,-38.45392,145.238973
T20140004993,9/3/2014,12:00:00,Sunday,1,Collision with vehicle,3,Day,BASS COAST,TOWNS,Multiple intersection,50,-38.521087,145.368941
T20140005570,18/3/2014,11:00:00,Tuesday,8,No collision and no object struck,2,Day,BASS COAST,SMALL_TOWNS,T intersection,70,-38.417484,145.438238
T20140005682,19/3/2014,18:15:00,Wednesday,4,Collision with a fixed object,2,Dusk/Dawn,BASS COAST,RURAL_VICTORIA,Not at intersection,100,-38.330197,145.549284
T20140006989,18/3/2014,7:00:00,Tuesday,1,Collision with vehicle,2,Dusk/Dawn,BASS COAST,TOWNS,T intersection,999,-38.460436,145.238786
T20140007316,9/4/2014,9:00:00,Wednesday,1,Collision with vehicle,2,Day,BASS COAST,RURAL_VICTORIA,Not at intersection,100,-38.566528,145.560893
T20140008004,17/4/2014,18:40:00,Thursday,1,Collision with vehicle,3,Dusk/Dawn,BASS COAST,TOWNS,T intersection,60,-38.592921,145.589501
T20140008023,18/4/2014,3:45:00,Friday,4,Collision with a fixed object,2,Dark No street lights,BASS COAST,RURAL_VICTORIA,Not at intersection,80,-38.496697,145.23543
T20140008061,18/4/2014,14:30:00,Friday,1,Collision with vehicle,2,Day,BASS COAST,SMALL_TOWNS,Cross intersection,80,-38.502951,145.281684
T20140008130,19/4/2014,18:20:00,Saturday,4,Collision with a fixed object,2,Dusk/Dawn,BASS COAST,RURAL_VICTORIA,Not at intersection,80,-38.482173,145.256568
T20140008476,24/4/2014,17:15:00,Thursday,6,Vehicle overturned (no collision),3,Dusk/Dawn,BASS COAST,RURAL_VICTORIA,Not at intersection,100,-38.565041,145.558139
T20140008696,20/4/2014,15:00:00,Sunday,2,Struck Pedestrian,3,Day,BASS COAST,TOWNS,T intersection,50,-38.635751,145.723416
T20140009345,6/5/2014,16:00:00,Tuesday,1,Collision with vehicle,3,Dusk/Dawn,BASS COAST,TOWNS,Cross intersection,60,-38.602541,145.593175
T20140009430,7/5/2014,13:00:00,Wednesday,1,Collision with vehicle,1,Day,BASS COAST,RURAL_VICTORIA,Cross intersection,100,-38.573669,145.717873
T20140009457,7/5/2014,16:05:00,Wednesday,2,Struck Pedestrian,2,Dusk/Dawn,BASS COAST,TOWNS,Not at intersection,50,-38.60637,145.584774
T20140010437,20/5/2014,17:15:00,Tuesday,2,Struck Pedestrian,2,Dusk/Dawn,BASS COAST,TOWNS,Not at intersection,999,-38.45477,145.238976
T20140010638,23/5/2014,7:00:00,Friday,2,Struck Pedestrian,2,Dark Street lights on,BASS COAST,TOWNS,T intersection,50,-38.633822,145.729503
T20140010828,25/5/2014,18:06:00,Sunday,1,Collision with vehicle,2,Dusk/Dawn,BASS COAST,RURAL_VICTORIA,Cross intersection,80,-38.407583,145.530382
T20140010928,26/5/2014,17:00:00,Monday,4,Collision with a fixed object,2,Dusk/Dawn,BASS COAST,RURAL_VICTORIA,Not at intersection,100,-38.39107,145.60191
T20140010949,26/5/2014,17:45:00,Monday,1,Collision with vehicle,2,Dusk/Dawn,BASS COAST,RURAL_VICTORIA,Not at intersection,60,-38.507822,145.138291
T20140011269,31/5/2014,17:55:00,Saturday,1,Collision with vehicle,3,Dark No street lights,BASS COAST,RURAL_VICTORIA,Not at intersection,80,-38.496678,145.25256
T20140011300,31/5/2014,13:30:00,Saturday,1,Collision with vehicle,3,Day,BASS COAST,RURAL_VICTORIA,Not at intersection,80,-38.46818,145.239002
T20140012430,16/6/2014,17:50:00,Monday,1,Collision with vehicle,2,Dark No street lights,BASS COAST,RURAL_VICTORIA,Not at intersection,100,-38.311562,145.579799
T20140012632,19/6/2014,16:25:00,Thursday,4,Collision with a fixed object,1,Dusk/Dawn,BASS COAST,SMALL_TOWNS,Not at intersection,70,-38.434949,145.446746
T20140013303,28/6/2014,11:40:00,Saturday,1,Collision with vehicle,3,Day,BASS COAST,TOWNS,Cross intersection,100,-38.62698,145.721973
T20140013654,2/7/2014,14:05:00,Wednesday,8,No collision and no object struck,3,Day,BASS COAST,RURAL_VICTORIA,Not at intersection,80,-38.469281,145.627502
T20140014840,18/7/2014,21:56:00,Friday,4,Collision with a fixed object,2,Dark No street lights,BASS COAST,TOWNS,Not at intersection,80,-38.463652,145.24706
T20140015033,21/7/2014,20:45:00,Monday,1,Collision with vehicle,3,Dark Street lights on,BASS COAST,TOWNS,Cross intersection,60,-38.605804,145.593721
T20140016018,3/8/2014,17:10:00,Sunday,1,Collision with vehicle,3,Day,BASS COAST,SMALL_TOWNS,Cross intersection,60,-38.515645,145.359458
T20140016027,3/8/2014,21:50:00,Sunday,1,Collision with vehicle,2,Dark Street lights on,BASS COAST,TOWNS,Cross intersection,60,-38.602541,145.593175
T20140017038,16/8/2014,20:00:00,Saturday,4,Collision with a fixed object,3,Dark No street lights,BASS COAST,RURAL_VICTORIA,Not at intersection,80,-38.584471,145.590963
T20140017054,15/8/2014,7:30:00,Friday,4,Collision with a fixed object,2,Dusk/Dawn,BASS COAST,RURAL_VICTORIA,Not at intersection,100,-38.580596,145.628748
T20140017255,20/8/2014,13:55:00,Wednesday,1,Collision with vehicle,3,Day,BASS COAST,TOWNS,Not at intersection,40,-38.520989,145.37658
T20140018925,12/9/2014,15:00:00,Friday,2,Struck Pedestrian,3,Day,BASS COAST,TOWNS,Not at intersection,50,-38.605027,145.58968
T20140020340,2/10/2014,14:00:00,Thursday,1,Collision with vehicle,3,Day,BASS COAST,RURAL_VICTORIA,Not at intersection,60,-38.514678,145.34986
T20140020534,5/10/2014,7:15:00,Sunday,8,No collision and no object struck,3,Dusk/Dawn,BASS COAST,RURAL_VICTORIA,Not at intersection,999,-38.580448,145.629439
T20140020653,7/10/2014,0:15:00,Tuesday,4,Collision with a fixed object,3,Dark Street lights on,BASS COAST,RURAL_VICTORIA,Cross intersection,60,-38.526151,145.446402
T20140020978,11/10/2014,6:15:00,Saturday,1,Collision with vehicle,3,Dusk/Dawn,BASS COAST,TOWNS,T intersection,50,-38.60419,145.599598
T20140021134,13/10/2014,12:15:00,Monday,1,Collision with vehicle,2,Day,BASS COAST,RURAL_VICTORIA,Cross intersection,100,-38.554429,145.64004
T20140021487,17/10/2014,17:20:00,Friday,4,Collision with a fixed object,2,Dusk/Dawn,BASS COAST,RURAL_VICTORIA,T intersection,100,-38.497536,145.507889
T20140021733,18/10/2014,11:00:00,Saturday,8,No collision and no object struck,2,Day,BASS COAST,RURAL_VICTORIA,Not at intersection,100,-38.45144,145.655761
T20140021763,21/10/2014,15:30:00,Tuesday,1,Collision with vehicle,2,Day,BASS COAST,TOWNS,Not at intersection,60,-38.520971,145.37644
T20140021806,22/10/2014,11:00:00,Wednesday,8,No collision and no object struck,2,Day,BASS COAST,RURAL_VICTORIA,Not at intersection,80,-38.46213,145.257665
T20140021998,19/10/2014,11:00:00,Sunday,6,Vehicle overturned (no collision),3,Day,BASS COAST,SMALL_TOWNS,Not at intersection,50,-38.496687,145.25726
T20140022236,26/10/2014,14:00:00,Sunday,2,Struck Pedestrian,3,Day,BASS COAST,TOWNS,Cross intersection,50,-38.456151,145.238985
T20140022331,28/10/2014,12:30:00,Tuesday,1,Collision with vehicle,2,Day,BASS COAST,TOWNS,Not at intersection,70,-38.588039,145.579872
T20140022601,26/10/2014,5:30:00,Sunday,4,Collision with a fixed object,3,Dark No street lights,BASS COAST,RURAL_VICTORIA,Not at intersection,100,-38.4224,145.560489
T20140023091,7/11/2014,15:38:00,Friday,1,Collision with vehicle,3,Day,BASS COAST,RURAL_VICTORIA,Not at intersection,100,-38.397713,145.618527
T20140023268,10/11/2014,10:00:00,Monday,4,Collision with a fixed object,2,Day,BASS COAST,RURAL_VICTORIA,Not at intersection,100,-38.381539,145.615754
T20140023727,16/11/2014,16:55:00,Sunday,1,Collision with vehicle,3,Day,BASS COAST,TOWNS,Not at intersection,60,-38.520435,145.372271
T20140023943,19/11/2014,13:45:00,Wednesday,1,Collision with vehicle,2,Day,BASS COAST,SMALL_TOWNS,Not at intersection,60,-38.509834,145.295247
T20140023953,19/11/2014,15:05:00,Wednesday,4,Collision with a fixed object,3,Day,BASS COAST,RURAL_VICTORIA,Not at intersection,100,-38.626361,145.7458
T20140024489,26/11/2014,8:30:00,Wednesday,1,Collision with vehicle,2,Day,BASS COAST,RURAL_VICTORIA,Not at intersection,80,-38.64078,145.602224
T20140024647,28/11/2014,2:00:00,Friday,4,Collision with a fixed object,1,Dark Street lights on,BASS COAST,TOWNS,Not at intersection,60,-38.60837,145.588933
T20140024663,28/11/2014,9:20:00,Friday,4,Collision with a fixed object,2,Day,BASS COAST,RURAL_VICTORIA,Unknown,100,-38.49073,145.617125
T20140026584,22/12/2014,20:43:00,Monday,1,Collision with vehicle,3,Dark Street lights on,BASS COAST,TOWNS,Cross intersection,50,-38.452329,145.229666
T20140026603,23/12/2014,9:20:00,Tuesday,1,Collision with vehicle,3,Day,BASS COAST,TOWNS,Cross intersection,80,-38.463668,145.257665
T20140026621,23/12/2014,11:45:00,Tuesday,1,Collision with vehicle,2,Day,BASS COAST,RURAL_VICTORIA,T intersection,100,-38.472201,145.474807
T20140026854,27/12/2014,8:00:00,Saturday,1,Collision with vehicle,3,Day,BASS COAST,RURAL_VICTORIA,T intersection,80,-38.516529,145.342933
T20140026953,28/12/2014,18:53:00,Sunday,1,Collision with vehicle,2,Day,BASS COAST,RURAL_VICTORIA,Y intersection,100,-38.472201,145.474807
T20140026998,29/12/2014,14:30:00,Monday,1,Collision with vehicle,2,Day,BASS COAST,RURAL_VICTORIA,Not at intersection,100,-38.513537,145.442136
T20140027120,31/12/2014,13:00:00,Wednesday,6,Vehicle overturned (no collision),3,Day,BASS COAST,RURAL_VICTORIA,Not at intersection,100,-38.49442,145.58075
T20150000590,9/1/2015,18:30:00,Friday,4,Collision with a fixed object,3,Dusk/Dawn,BASS COAST,RURAL_VICTORIA,Cross intersection,100,-38.500129,145.461469
T20150000817,23/12/2014,11:28:00,Tuesday,1,Collision with vehicle,3,Day,BASS COAST,TOWNS,Cross intersection,80,-38.62698,145.721973
T20150000846,10/1/2015,13:30:00,Saturday,4,Collision with a fixed object,3,Day,BASS COAST,RURAL_VICTORIA,Not at intersection,80,-38.464142,145.266549
T20150000884,13/1/2015,16:00:00,Tuesday,4,Collision with a fixed object,3,Day,BASS COAST,RURAL_VICTORIA,Not at intersection,100,-38.526381,145.44501
T20150000891,13/1/2015,19:50:00,Tuesday,4,Collision with a fixed object,3,Dusk/Dawn,BASS COAST,RURAL_VICTORIA,T intersection,100,-38.635551,145.60301
T20150001021,15/1/2015,11:30:00,Thursday,4,Collision with a fixed object,2,Day,BASS COAST,RURAL_VICTORIA,Not at intersection,100,-38.37817,145.567221
T20150001033,15/1/2015,7:45:00,Thursday,4,Collision with a fixed object,2,Day,BASS COAST,RURAL_VICTORIA,Not at intersection,100,-38.616543,145.741592
T20150001216,18/1/2015,2:40:00,Sunday,6,Vehicle overturned (no collision),3,Dark Street lights on,BASS COAST,RURAL_VICTORIA,T intersection,100,-38.624787,145.709676
T20150001228,23/11/2014,23:00:00,Sunday,8,No collision and no object struck,3,Dark No street lights,BASS COAST,TOWNS,Not at intersection,50,-38.456144,145.22048
T20150001439,21/1/2015,10:45:00,Wednesday,1,Collision with vehicle,2,Day,BASS COAST,TOWNS,T intersection,60,-38.45698,145.238982
T20150001450,21/1/2015,13:50:00,Wednesday,6,Vehicle overturned (no collision),3,Day,BASS COAST,RURAL_VICTORIA,Not at intersection,100,-38.547118,145.55343
T20150001698,24/1/2015,16:45:00,Saturday,6,Vehicle overturned (no collision),3,Day,BASS COAST,RURAL_VICTORIA,Cross intersection,100,-38.526428,145.446526
T20150001710,24/1/2015,19:30:00,Saturday,6,Vehicle overturned (no collision),3,Dusk/Dawn,BASS COAST,SMALL_TOWNS,Not at intersection,60,-38.551318,145.478463
T20150001805,26/1/2015,12:20:00,Monday,1,Collision with vehicle,2,Day,BASS COAST,SMALL_TOWNS,Not at intersection,80,-38.495029,145.270241
T20150002134,21/1/2015,17:45:00,Wednesday,1,Collision with vehicle,3,Day,BASS COAST,TOWNS,Not at intersection,50,-38.606471,145.58697
T20150002210,1/2/2015,10:15:00,Sunday,4,Collision with a fixed object,2,Day,BASS COAST,SMALL_TOWNS,Not at intersection,100,-38.563934,145.541911
T20150002328,3/2/2015,11:00:00,Tuesday,6,Vehicle overturned (no collision),3,Day,BASS COAST,RURAL_VICTORIA,Not at intersection,80,-38.59034,145.55192
T20150002687,7/2/2015,13:25:00,Saturday,1,Collision with vehicle,3,Day,BASS COAST,TOWNS,Not at intersection,50,-38.60382,145.5882
T20150002749,8/2/2015,12:25:00,Sunday,1,Collision with vehicle,2,Day,BASS COAST,RURAL_VICTORIA,Not at intersection,100,-38.523279,145.4242
T20150003289,15/2/2015,12:00:00,Sunday,1,Collision with vehicle,2,Day,BASS COAST,RURAL_VICTORIA,Cross intersection,100,-38.472238,145.627134
T20150003476,27/1/2015,2:00:00,Tuesday,1,Collision with vehicle,3,Dark No street lights,BASS COAST,RURAL_VICTORIA,Cross intersection,60,-38.41525,145.438856
T20150003643,19/2/2015,18:15:00,Thursday,1,Collision with vehicle,2,Day,BASS COAST,TOWNS,T intersection,100,-38.520848,145.391065
T20150004341,28/2/2015,11:40:00,Saturday,1,Collision with vehicle,2,Day,BASS COAST,RURAL_VICTORIA,Cross intersection,60,-38.46364,145.238984
T20150005351,12/3/2015,16:00:00,Thursday,2,Struck Pedestrian,3,Day,BASS COAST,TOWNS,Not at intersection,50,-38.524176,145.366969
T20150005378,13/3/2015,16:00:00,Friday,1,Collision with vehicle,3,Day,BASS COAST,TOWNS,Not at intersection,60,-38.60104,145.592929
T20150006222,24/3/2015,7:45:00,Tuesday,6,Vehicle overturned (no collision),2,Dusk/Dawn,BASS COAST,RURAL_VICTORIA,Not at intersection,100,-38.49434,145.644437
T20150006391,1/1/2015,11:00:00,Thursday,1,Collision with vehicle,3,Day,BASS COAST,RURAL_VICTORIA,Not at intersection,999,-38.496616,145.16353
T20150006649,28/3/2015,15:30:00,Saturday,4,Collision with a fixed object,2,Day,BASS COAST,RURAL_VICTORIA,Not at intersection,100,-38.453781,145.549734
T20150006982,2/4/2015,12:25:00,Thursday,1,Collision with vehicle,2,Day,BASS COAST,RURAL_VICTORIA,Cross intersection,80,-38.432772,145.497182
T20150007066,3/4/2015,14:36:00,Friday,1,Collision with vehicle,3,Day,BASS COAST,RURAL_VICTORIA,Not at intersection,100,-38.523984,145.422012
T20150007071,3/4/2015,14:36:00,Friday,1,Collision with vehicle,3,Day,BASS COAST,RURAL_VICTORIA,Not at intersection,100,-38.523964,145.416409
T20150008123,17/4/2015,21:05:00,Friday,1,Collision with vehicle,3,Dark Street lights on,BASS COAST,TOWNS,Not at intersection,50,-38.528308,145.325338
T20150008180,18/4/2015,14:00:00,Saturday,1,Collision with vehicle,2,Day,BASS COAST,RURAL_VICTORIA,Cross intersection,100,-38.52653,145.446547
T20150008477,22/4/2015,8:50:00,Wednesday,2,Struck Pedestrian,3,Day,BASS COAST,TOWNS,T intersection,40,-38.59801,145.600069
T20150008562,15/3/2015,21:30:00,Sunday,6,Vehicle overturned (no collision),3,Dark No street lights,BASS COAST,RURAL_VICTORIA,Not at intersection,100,-38.467681,145.626107
T20150008586,23/4/2015,17:15:00,Thursday,4,Collision with a fixed object,2,Dusk/Dawn,BASS COAST,TOWNS,Not at intersection,60,-38.604019,145.578585
T20150010020,13/5/2015,3:30:00,Wednesday,4,Collision with a fixed object,2,Dark No street lights,BASS COAST,RURAL_VICTORIA,Not at intersection,100,-38.616537,145.65887
T20150010111,14/5/2015,0:01:00,Thursday,1,Collision with vehicle,2,Dark No street lights,BASS COAST,SMALL_TOWNS,Not at intersection,50,-38.438682,145.44267
T20150010854,22/5/2015,10:30:00,Friday,2,Struck Pedestrian,3,Day,BASS COAST,TOWNS,Not at intersection,50,-38.606371,145.58802
T20150011056,24/5/2015,13:00:00,Sunday,6,Vehicle overturned (no collision),3,Day,BASS COAST,RURAL_VICTORIA,Not at intersection,80,-38.51713,145.662074
T20150011170,26/5/2015,15:45:00,Tuesday,6,Vehicle overturned (no collision),3,Day,BASS COAST,RURAL_VICTORIA,Not at intersection,100,-38.599558,145.778848
T20150011244,27/5/2015,13:34:00,Wednesday,1,Collision with vehicle,2,Day,BASS COAST,TOWNS,T intersection,80,-38.625847,145.741119
T20150011294,1/5/2015,17:48:00,Friday,4,Collision with a fixed object,3,Dark No street lights,BASS COAST,RURAL_VICTORIA,Not at intersection,60,-38.437391,145.560559
T20150011381,29/5/2015,0:00:00,Friday,4,Collision with a fixed object,2,Dark Street lights unknown,BASS COAST,RURAL_VICTORIA,Not at intersection,100,-38.548779,145.656869
T20150011902,4/6/2015,17:05:00,Thursday,1,Collision with vehicle,2,Dark Street lights on,BASS COAST,RURAL_VICTORIA,Cross intersection,100,-38.500129,145.461469
T20150011923,4/6/2015,18:15:00,Thursday,1,Collision with vehicle,3,Dark Street lights on,BASS COAST,TOWNS,Not at intersection,50,-38.528854,145.341101
T20150012096,4/6/2015,20:00:00,Thursday,4,Collision with a fixed object,3,Dark No street lights,BASS COAST,RURAL_VICTORIA,Not at intersection,999,-38.402809,145.672359
T20150012674,15/6/2015,9:47:00,Monday,1,Collision with vehicle,3,Unk.,BASS COAST,SMALL_TOWNS,Cross intersection,80,-38.40752,145.530234
T20150013171,21/6/2015,8:30:00,Sunday,4,Collision with a fixed object,3,Dusk/Dawn,BASS COAST,RURAL_VICTORIA,Not at intersection,100,-38.447281,145.573618
T20150013282,22/6/2015,23:00:00,Monday,6,Vehicle overturned (no collision),2,Dark No street lights,BASS COAST,RURAL_VICTORIA,Not at intersection,80,-38.623668,145.734186
T20150013527,26/6/2015,15:00:00,Friday,2,Struck Pedestrian,3,Day,BASS COAST,TOWNS,Not at intersection,40,-38.60771,145.586498
T20150013621,27/6/2015,19:15:00,Saturday,1,Collision with vehicle,2,Dark Street lights on,BASS COAST,RURAL_VICTORIA,Not at intersection,100,-38.520971,145.432031
T20150014303,8/7/2015,13:05:00,Wednesday,1,Collision with vehicle,3,Day,BASS COAST,TOWNS,Not at intersection,60,-38.45485,145.238976
T20150014334,8/7/2015,19:30:00,Wednesday,4,Collision with a fixed object,2,Dark No street lights,BASS COAST,RURAL_VICTORIA,Not at intersection,80,-38.47899,145.238978
T20150014594,12/7/2015,17:15:00,Sunday,1,Collision with vehicle,3,Dark Street lights on,BASS COAST,TOWNS,T intersection,60,-38.600585,145.579086
T20150015283,22/7/2015,17:15:00,Wednesday,4,Collision with a fixed object,2,Dusk/Dawn,BASS COAST,RURAL_VICTORIA,T intersection,80,-38.621665,145.698593
T20150015314,23/7/2015,9:00:00,Thursday,8,No collision and no object struck,3,Day,BASS COAST,RURAL_VICTORIA,Not at intersection,100,-38.498197,145.446391
T20150016082,2/8/2015,15:50:00,Sunday,6,Vehicle overturned (no collision),2,Day,BASS COAST,RURAL_VICTORIA,Not at intersection,100,-38.564614,145.556429
T20150016333,3/8/2015,7:34:00,Monday,4,Collision with a fixed object,3,Dusk/Dawn,BASS COAST,RURAL_VICTORIA,Not at intersection,100,-38.432422,145.497893
T20150016647,10/8/2015,18:50:00,Monday,3,Struck animal,2,Dusk/Dawn,BASS COAST,RURAL_VICTORIA,Not at intersection,100,-38.599535,145.778903
T20150018415,4/9/2015,14:55:00,Friday,1,Collision with vehicle,3,Day,BASS COAST,TOWNS,T intersection,60,-38.520744,145.368958
T20150018852,10/9/2015,14:39:00,Thursday,4,Collision with a fixed object,3,Day,BASS COAST,RURAL_VICTORIA,Not at intersection,100,-38.577731,145.595192
T20150019229,15/9/2015,6:20:00,Tuesday,4,Collision with a fixed object,3,Dusk/Dawn,BASS COAST,RURAL_VICTORIA,Not at intersection,100,-38.609764,145.755723
T20150020170,29/9/2015,14:30:00,Tuesday,1,Collision with vehicle,3,Day,BASS COAST,SMALL_TOWNS,Cross intersection,80,-38.40752,145.530234
T20150020585,5/10/2015,12:45:00,Monday,4,Collision with a fixed object,2,Day,BASS COAST,RURAL_VICTORIA,Not at intersection,100,-38.46243,145.441097
T20150020689,1/10/2015,15:00:00,Thursday,4,Collision with a fixed object,3,Day,BASS COAST,RURAL_VICTORIA,Not at intersection,100,-38.606556,145.762687
T20150021526,18/10/2015,10:00:00,Sunday,8,No collision and no object struck,2,Day,BASS COAST,RURAL_VICTORIA,Not at intersection,100,-38.4845,145.464798
T20150022120,17/10/2015,18:30:00,Saturday,6,Vehicle overturned (no collision),3,Dusk/Dawn,BASS COAST,TOWNS,T intersection,50,-38.451261,145.220172
T20150022649,1/11/2015,18:20:00,Sunday,8,No collision and no object struck,3,Day,BASS COAST,TOWNS,Not at intersection,60,-38.605898,145.59278
T20150022681,2/11/2015,8:30:00,Monday,2,Struck Pedestrian,2,Day,BASS COAST,TOWNS,Cross intersection,50,-38.452326,145.23869
T20150022822,3/11/2015,13:00:00,Tuesday,1,Collision with vehicle,2,Day,BASS COAST,TOWNS,T intersection,100,-38.625847,145.741119
T20150022933,5/11/2015,11:45:00,Thursday,1,Collision with vehicle,3,Day,BASS COAST,RURAL_VICTORIA,Cross intersection,80,-38.407583,145.530382
T20150024422,26/11/2015,8:30:00,Thursday,1,Collision with vehicle,3,Day,BASS COAST,TOWNS,Not at intersection,60,-38.59579,145.592069
T20150024566,27/11/2015,19:25:00,Friday,1,Collision with vehicle,2,Dusk/Dawn,BASS COAST,SMALL_TOWNS,Cross intersection,70,-38.43908,145.445911
T20150024616,28/11/2015,13:30:00,Saturday,1,Collision with vehicle,3,Day,BASS COAST,RURAL_VICTORIA,Not at intersection,80,-38.47277,145.238999
T20150024618,28/11/2015,14:10:00,Saturday,1,Collision with vehicle,3,Day,BASS COAST,TOWNS,T intersection,60,-38.520528,145.373059
T20150025435,8/12/2015,13:50:00,Tuesday,1,Collision with vehicle,2,Day,BASS COAST,RURAL_VICTORIA,T intersection,80,-38.516529,145.342933
T20150025472,14/11/2015,15:00:00,Saturday,8,No collision and no object struck,2,Day,BASS COAST,RURAL_VICTORIA,Not at intersection,80,-38.46228,145.640241
T20150025745,11/12/2015,15:20:00,Friday,1,Collision with vehicle,2,Day,BASS COAST,RURAL_VICTORIA,Not at intersection,80,-38.514681,145.34959
T20150026230,17/12/2015,17:20:00,Thursday,1,Collision with vehicle,3,Day,BASS COAST,TOWNS,Not at intersection,60,-38.4516,145.23898
T20150026297,18/12/2015,11:45:00,Friday,1,Collision with vehicle,3,Day,BASS COAST,RURAL_VICTORIA,Cross intersection,80,-38.46361,145.20143
T20150026317,9/12/2015,10:30:00,Wednesday,1,Collision with vehicle,3,Day,BASS COAST,TOWNS,Cross intersection,60,-38.602541,145.593175
T20150026343,9/12/2015,12:00:00,Wednesday,8,No collision and no object struck,3,Day,BASS COAST,RURAL_VICTORIA,Not at intersection,60,-38.47299,145.238998
T20150026518,20/12/2015,14:15:00,Sunday,1,Collision with vehicle,3,Day,BASS COAST,SMALL_TOWNS,Cross intersection,60,-38.496687,145.257596
T20150026772,24/12/2015,10:00:00,Thursday,1,Collision with vehicle,3,Day,BASS COAST,TOWNS,Not at intersection,100,-38.521996,145.38645
T20150026795,24/12/2015,16:10:00,Thursday,4,Collision with a fixed object,3,Day,BASS COAST,SMALL_TOWNS,Not at intersection,60,-38.506831,145.289349