ACCIDENT_NO,ACCIDENT_DATE,ACCIDENT_TIME,DAY_WEEK_DESC,ACCIDENT_TYPE,ACCIDENT_TYPE_DESC,SEVERITY_RANK,LIGHT_CONDITION_DESC,LGA_NAME,DEG_URBAN_NAME,ROAD_GEOMETRY_DESC,SPEED_ZONE,LATITUDE,LONGITUDE
T20150027172,30/12/2015,16:00:00,Wednesday,4,Collision with a fixed object,3,Day,BASS COAST,RURAL_VICTORIA,Not at intersection,100,-38.407949,145.572777
T20150027189,30/12/2015,22:40:00,Wednesday,3,Struck animal,3,Dark No street lights,BASS COAST,RURAL_VICTORIA,Not at intersection,100,-38.576648,145.69314
T20160000017,31/12/2015,22:40:00,Thursday,1,Collision with vehicle,3,Dark Street lights on,BASS COAST,TOWNS,Not at intersection,50,-38.590662,145.587668
T20160000099,2/1/2016,14:00:00,Saturday,1,Collision with vehicle,3,Day,BASS COAST,RURAL_VICTORIA,Not at intersection,60,-38.484631,145.260149
T20160000243,3/1/2016,12:30:00,Sunday,1,Collision with vehicle,3,Day,BASS COAST,SMALL_TOWNS,Not at intersection,60,-38.510271,145.296129
T20160000298,5/1/2016,13:57:00,Tuesday,1,Collision with vehicle,2,Day,BASS COAST,RURAL_VICTORIA,Not at intersection,80,-38.463659,145.25422
T20160000584,9/1/2016,17:20:00,Saturday,1,Collision with vehicle,3,Day,BASS COAST,TOWNS,Cross intersection,60,-38.456155,145.248404
T20160000990,12/1/2016,10:30:00,Tuesday,1,Collision with vehicle,2,Day,BASS COAST,TOWNS,Cross intersection,50,-38.606998,145.593889
T20160000996,14/1/2016,17:00:00,Thursday,1,Collision with vehicle,3,Day,BASS COAST,TOWNS,Not at intersection,60,-38.456162,145.25032
T20160001109,16/1/2016,13:35:00,Saturday,1,Collision with vehicle,2,Day,BASS COAST,TOWNS,Cross intersection,60,-38.630982,145.725496
T20160001296,19/1/2016,14:59:00,Tuesday,1,Collision with vehicle,2,Day,BASS COAST,RURAL_VICTORIA,Not at intersection,100,-38.29817,145.544207
T20160001349,20/1/2016,9:00:00,Wednesday,6,Vehicle overturned (no collision),3,Day,BASS COAST,RURAL_VICTORIA,Not at intersection,100,-38.526866,145.442328
T20160001352,20/1/2016,7:40:00,Wednesday,4,Collision with a fixed object,3,Day,BASS COAST,RURAL_VICTORIA,Not at intersection,100,-38.55562,145.64983
T20160001679,24/1/2016,19:00:00,Sunday,6,Vehicle overturned (no collision),2,Dusk/Dawn,BASS COAST,RURAL_VICTORIA,Not at intersection,100,-38.49894,145.570578
T20160001878,27/1/2016,15:20:00,Wednesday,4,Collision with a fixed object,2,Day,BASS COAST,RURAL_VICTORIA,Not at intersection,80,-38.496679,145.24834
T20160002030,16/1/2016,1:30:00,Saturday,6,Vehicle overturned (no collision),3,Dark No street lights,BASS COAST,RURAL_VICTORIA,T intersection,100,-38.579746,145.631809
T20160002706,7/2/2016,8:15:00,Sunday,1,Collision with vehicle,2,Day,BASS COAST,RURAL_VICTORIA,Not at intersection,80,-38.655262,145.684833
T20160002744,7/2/2016,18:20:00,Sunday,4,Collision with a fixed object,2,Day,BASS COAST,RURAL_VICTORIA,Not at intersection,100,-38.46041,145.616492
T20160003039,10/2/2016,16:55:00,Wednesday,1,Collision with vehicle,3,Day,BASS COAST,TOWNS,Cross intersection,50,-38.452325,145.238981
T20160003169,12/2/2016,18:20:00,Friday,1,Collision with vehicle,3,Day,BASS COAST,TOWNS,Cross intersection,60,-38.45614,145.229666
T20160003173,12/2/2016,16:00:00,Friday,4,Collision with a fixed object,2,Day,BASS COAST,RURAL_VICTORIA,Not at intersection,100,-38.580551,145.62893
T20160003514,10/2/2016,17:10:00,Wednesday,1,Collision with vehicle,3,Day,BASS COAST,TOWNS,Not at intersection,50,-38.606216,145.589579
T20160003653,18/2/2016,15:30:00,Thursday,1,Collision with vehicle,2,Day,BASS COAST,RURAL_VICTORIA,Not at intersection,80,-38.627411,145.71609
T20160003909,21/2/2016,12:00:00,Sunday,1,Collision with vehicle,3,Day,BASS COAST,TOWNS,T intersection,60,-38.520744,145.368958
T20160004050,23/2/2016,16:15:00,Tuesday,1,Collision with vehicle,3,Day,BASS COAST,TOWNS,T intersection,60,-38.596181,145.596318
T20160004114,24/2/2016,14:45:00,Wednesday,5,collision with some other object,3,Day,BASS COAST,TOWNS,Not at intersection,60,-38.606228,145.58946
T20160004560,27/2/2016,12:30:00,Saturday,1,Collision with vehicle,3,Day,BASS COAST,TOWNS,Not at intersection,50,-38.45306,145.238976
T20160004565,29/2/2016,16:00:00,Monday,1,Collision with vehicle,3,Day,BASS COAST,SMALL_TOWNS,Cross intersection,60,-38.496687,145.257596
T20160004655,1/3/2016,15:00:00,Tuesday,6,Vehicle overturned (no collision),2,Day,BASS COAST,SMALL_TOWNS,Cross intersection,60,-38.56348,145.547396
T20160004728,2/3/2016,9:15:00,Wednesday,1,Collision with vehicle,3,Day,BASS COAST,RURAL_VICTORIA,T intersection,100,-38.493149,145.643866
T20160005654,13/3/2016,17:50:00,Sunday,4,Collision with a fixed object,2,Dusk/Dawn,BASS COAST,RURAL_VICTORIA,Not at intersection,100,-38.374092,145.561394
T20160005674,14/3/2016,2:10:00,Monday,4,Collision with a fixed object,2,Dark No street lights,BASS COAST,RURAL_VICTORIA,Not at intersection,100,-38.63728,145.602736
T20160006804,28/3/2016,11:10:00,Monday,1,Collision with vehicle,2,Day,BASS COAST,TOWNS,Not at intersection,50,-38.60721,145.588736
T20160007298,2/4/2016,12:40:00,Saturday,1,Collision with vehicle,3,Day,BASS COAST,RURAL_VICTORIA,Cross intersection,60,-38.407583,145.530382
T20160007325,3/4/2016,23:00:00,Sunday,4,Collision with a fixed object,3,Dark Street lights on,BASS COAST,TOWNS,Not at intersection,50,-38.454764,145.23012
T20160008030,1/4/2016,14:00:00,Friday,4,Collision with a fixed object,2,Day,BASS COAST,RURAL_VICTORIA,Not at intersection,80,-38.607621,145.60753
T20160008279,15/4/2016,21:45:00,Friday,4,Collision with a fixed object,3,Dark Street lights off,BASS COAST,TOWNS,T intersection,50,-38.463651,145.245315
T20160008522,19/4/2016,9:25:00,Tuesday,1,Collision with vehicle,3,Day,BASS COAST,TOWNS,Cross intersection,60,-38.611201,145.591809
T20160008846,23/4/2016,11:55:00,Saturday,8,No collision and no object struck,3,Day,BASS COAST,SMALL_TOWNS,T intersection,50,-38.565257,145.542711
T20160008978,17/4/2016,14:30:00,Sunday,8,No collision and no object struck,2,Day,BASS COAST,RURAL_VICTORIA,Not at intersection,999,-38.508352,145.590982
T20160009132,20/3/2016,0:40:00,Sunday,4,Collision with a fixed object,3,Dark No street lights,BASS COAST,RURAL_VICTORIA,Not at intersection,100,-38.38873,145.54529
T20160009328,23/4/2016,14:20:00,Saturday,1,Collision with vehicle,3,Day,BASS COAST,TOWNS,Cross intersection,50,-38.606998,145.593889
T20160009450,30/4/2016,20:55:00,Saturday,2,Struck Pedestrian,2,Dark Street lights on,BASS COAST,RURAL_VICTORIA,Not at intersection,100,-38.402585,145.535548
T20160010041,5/5/2016,6:30:00,Thursday,3,Struck animal,3,Dark No street lights,BASS COAST,RURAL_VICTORIA,Not at intersection,80,-38.578135,145.654331
T20160010139,9/5/2016,8:30:00,Monday,4,Collision with a fixed object,3,Day,BASS COAST,RURAL_VICTORIA,Not at intersection,50,-38.48512,145.467062
T20160010447,12/5/2016,5:40:00,Thursday,4,Collision with a fixed object,3,Dark No street lights,BASS COAST,RURAL_VICTORIA,Not at intersection,80,-38.482083,145.24576
T20160010888,18/5/2016,10:45:00,Wednesday,1,Collision with vehicle,2,Day,BASS COAST,RURAL_VICTORIA,Not at intersection,100,-38.62916,145.631734
T20160010956,13/5/2016,15:55:00,Friday,1,Collision with vehicle,3,Day,BASS COAST,TOWNS,Cross intersection,60,-38.605804,145.593721
T20160011173,21/5/2016,17:30:00,Saturday,4,Collision with a fixed object,3,Dark No street lights,BASS COAST,RURAL_VICTORIA,Cross intersection,100,-38.573669,145.717873
T20160011199,21/5/2016,18:20:00,Saturday,1,Collision with vehicle,2,Dark Street lights on,BASS COAST,TOWNS,T intersection,80,-38.521077,145.334047
T20160011565,26/5/2016,12:20:00,Thursday,4,Collision with a fixed object,3,Day,BASS COAST,TOWNS,Not at intersection,80,-38.456165,145.26023
T20160011978,28/5/2016,13:22:00,Saturday,1,Collision with vehicle,2,Day,BASS COAST,TOWNS,T intersection,60,-38.604634,145.593533
T20160012110,1/6/2016,9:45:00,Wednesday,1,Collision with vehicle,3,Day,BASS COAST,RURAL_VICTORIA,Not at intersection,888,-38.472057,145.473641
T20160012393,5/6/2016,12:53:00,Sunday,1,Collision with vehicle,3,Day,BASS COAST,SMALL_TOWNS,Cross intersection,100,-38.472278,145.187447
T20160012494,6/6/2016,19:40:00,Monday,3,Struck animal,1,Dark No street lights,BASS COAST,RURAL_VICTORIA,Not at intersection,100,-38.557261,145.715043
T20160012886,11/6/2016,9:50:00,Saturday,4,Collision with a fixed object,1,Day,BASS COAST,TOWNS,Not at intersection,80,-38.463647,145.24103
T20160013309,17/6/2016,6:30:00,Friday,5,collision with some other object,3,Dark No street lights,BASS COAST,RURAL_VICTORIA,Not at intersection,999,-38.47518,145.25764
T20160013321,16/6/2016,10:00:00,Thursday,4,Collision with a fixed object,3,Day,BASS COAST,RURAL_VICTORIA,Not at intersection,100,-38.48284,145.57016
T20160013403,18/6/2016,15:15:00,Saturday,1,Collision with vehicle,2,Day,BASS COAST,RURAL_VICTORIA,T intersection,100,-38.419417,145.550034
T20160013570,20/6/2016,13:30:00,Monday,1,Collision with vehicle,3,Day,BASS COAST,TOWNS,T intersection,50,-38.601807,145.600054
T20160013760,20/6/2016,6:30:00,Monday,4,Collision with a fixed object,3,Dark No street lights,BASS COAST,RURAL_VICTORIA,Not at intersection,80,-38.37149,145.56455
T20160013991,26/6/2016,2:00:00,Sunday,7,Fall from or in moving vehicle,2,Dark Street lights on,BASS COAST,TOWNS,Cross intersection,60,-38.456151,145.238985
T20160014027,27/6/2016,8:30:00,Monday,4,Collision with a fixed object,2,Day,BASS COAST,RURAL_VICTORIA,Not at intersection,100,-38.419418,145.46579
T20160014362,1/7/2016,0:10:00,Friday,2,Struck Pedestrian,3,Dark No street lights,BASS COAST,TOWNS,Not at intersection,50,-38.453196,145.226
T20160014585,5/7/2016,7:42:00,Tuesday,8,No collision and no object struck,3,Dusk/Dawn,BASS COAST,RURAL_VICTORIA,Not at intersection,100,-38.583203,145.620983
T20160015348,14/7/2016,17:45:00,Thursday,1,Collision with vehicle,3,Dark Street lights on,BASS COAST,RURAL_VICTORIA,Cross intersection,60,-38.46364,145.238984
T20160015420,13/7/2016,8:00:00,Wednesday,4,Collision with a fixed object,3,Day,BASS COAST,RURAL_VICTORIA,Not at intersection,100,-38.519681,145.659971
T20160015576,16/7/2016,13:15:00,Saturday,6,Vehicle overturned (no collision),3,Day,BASS COAST,RURAL_VICTORIA,Not at intersection,80,-38.454151,145.542037
T20160015667,13/7/2016,5:15:00,Wednesday,6,Vehicle overturned (no collision),2,Dark No street lights,BASS COAST,RURAL_VICTORIA,Not at intersection,100,-38.551125,145.69266
T20160015689,18/7/2016,18:30:00,Monday,3,Struck animal,3,Dark No street lights,BASS COAST,RURAL_VICTORIA,Not at intersection,100,-38.55815,145.71466
T20160015888,17/7/2016,13:10:00,Sunday,6,Vehicle overturned (no collision),3,Day,BASS COAST,RURAL_VICTORIA,Multiple intersection,60,-38.668869,145.621661
T20160016111,23/7/2016,16:05:00,Saturday,1,Collision with vehicle,3,Dusk/Dawn,BASS COAST,SMALL_TOWNS,Cross intersection,60,-38.496687,145.257596
T20160016477,28/7/2016,17:19:00,Thursday,1,Collision with vehicle,2,Dusk/Dawn,BASS COAST,SMALL_TOWNS,Not at intersection,60,-38.552319,145.479661
T20160016700,31/7/2016,14:00:00,Sunday,1,Collision with vehicle,3,Day,BASS COAST,SMALL_TOWNS,Cross intersection,50,-38.51351,145.359727
T20160018203,19/8/2016,18:00:00,Friday,1,Collision with vehicle,3,Dark No street lights,BASS COAST,RURAL_VICTORIA,Cross intersection,80,-38.496697,145.238932
T20160018414,17/8/2016,13:30:00,Wednesday,8,No collision and no object struck,3,Day,BASS COAST,TOWNS,T intersection,60,-38.601393,145.600945
T20160018642,25/8/2016,23:40:00,Thursday,1,Collision with vehicle,3,Dark Street lights on,BASS COAST,TOWNS,Cross intersection,60,-38.609522,145.589752
T20160019123,1/9/2016,8:00:00,Thursday,1,Collision with vehicle,2,Day,BASS COAST,RURAL_VICTORIA,Cross intersection,100,-38.520572,145.593725
T20160020046,12/9/2016,15:10:00,Monday,1,Collision with vehicle,3,Day,BASS COAST,TOWNS,T intersection,100,-38.626241,145.726149
T20160020054,3/9/2016,0:30:00,Saturday,4,Collision with a fixed object,3,Dark Street lights on,BASS COAST,TOWNS,Not at intersection,60,-38.526192,145.369957
T20160020638,22/8/2016,9:20:00,Monday,4,Collision with a fixed object,3,Day,BASS COAST,RURAL_VICTORIA,Not at intersection,100,-38.437152,145.489381
T20160020649,21/9/2016,18:10:00,Wednesday,1,Collision with vehicle,3,Dusk/Dawn,BASS COAST,TOWNS,T intersection,60,-38.600566,145.592851
T20160020852,24/9/2016,15:15:00,Saturday,1,Collision with vehicle,3,Day,BASS COAST,TOWNS,Cross intersection,80,-38.62698,145.721973
T20160021049,27/9/2016,16:45:00,Tuesday,1,Collision with vehicle,3,Day,BASS COAST,TOWNS,Cross intersection,60,-38.601845,145.599924
T20160021197,29/9/2016,16:00:00,Thursday,4,Collision with a fixed object,3,Day,BASS COAST,RURAL_VICTORIA,Not at intersection,100,-38.46066,145.441459
T20160021389,2/10/2016,9:35:00,Sunday,1,Collision with vehicle,2,Day,BASS COAST,RURAL_VICTORIA,Cross intersection,100,-38.500129,145.461469
T20160021566,5/10/2016,13:40:00,Wednesday,6,Vehicle overturned (no collision),3,Day,BASS COAST,RURAL_VICTORIA,Not at intersection,100,-38.59997,145.725576
T20160021883,8/10/2016,22:45:00,Saturday,7,Fall from or in moving vehicle,2,Dark No street lights,BASS COAST,RURAL_VICTORIA,Not at intersection,100,-38.577163,145.68391
T20160021938,12/7/2016,16:30:00,Tuesday,8,No collision and no object struck,3,Day,BASS COAST,TOWNS,Cross intersection,50,-38.616198,145.585171
T20160022067,5/10/2016,8:30:00,Wednesday,1,Collision with vehicle,3,Day,BASS COAST,TOWNS,Cross intersection,80,-38.463668,145.257665
T20160022347,15/10/2016,14:30:00,Saturday,1,Collision with vehicle,3,Day,BASS COAST,RURAL_VICTORIA,Not at intersection,70,-38.514668,145.35147
T20160022469,18/9/2016,14:10:00,Sunday,1,Collision with vehicle,3,Day,BASS COAST,RURAL_VICTORIA,T intersection,100,-38.478825,145.470149
T20160023005,24/10/2016,8:20:00,Monday,1,Collision with vehicle,3,Day,BASS COAST,RURAL_VICTORIA,Not at intersection,100,-38.519092,145.434592
T20160023338,28/10/2016,14:00:00,Friday,2,Struck Pedestrian,3,Day,BASS COAST,TOWNS,Not at intersection,50,-38.52124,145.335233
T20160023781,3/11/2016,19:35:00,Thursday,6,Vehicle overturned (no collision),2,Dusk/Dawn,BASS COAST,TOWNS,Not at intersection,50,-38.45202,145.245656
T20160024172,7/5/2016,20:30:00,Saturday,4,Collision with a fixed object,3,Dusk/Dawn,BASS COAST,SMALL_TOWNS,Not at intersection,50,-38.41167,145.537061
T20160025170,21/11/2016,18:15:00,Monday,1,Collision with vehicle,3,Day,BASS COAST,TOWNS,Cross intersection,60,-38.630982,145.725496
T20160025239,13/11/2016,13:15:00,Sunday,1,Collision with vehicle,3,Day,BASS COAST,SMALL_TOWNS,Not at intersection,70,-38.563808,145.542779
T20160025683,28/11/2016,7:15:00,Monday,6,Vehicle overturned (no collision),3,Day,BASS COAST,RURAL_VICTORIA,T intersection,100,-38.503471,145.619032
T20160025994,2/12/2016,3:30:00,Friday,2,Struck Pedestrian,2,Dark Street lights unknown,BASS COAST,TOWNS,Not at intersection,50,-38.448063,145.24164
T20160026185,4/12/2016,19:15:00,Sunday,4,Collision with a fixed object,3,Day,BASS COAST,RURAL_VICTORIA,Cross intersection,60,-38.496697,145.238932
T20160026385,7/12/2016,11:00:00,Wednesday,1,Collision with vehicle,3,Day,BASS COAST,SMALL_TOWNS,T intersection,50,-38.672065,145.617913
T20160027180,17/12/2016,9:00:00,Saturday,1,Collision with vehicle,3,Day,BASS COAST,RURAL_VICTORIA,Cross intersection,100,-38.433019,145.496691
T20160027228,17/12/2016,19:30:00,Saturday,1,Collision with vehicle,1,Day,BASS COAST,SMALL_TOWNS,Cross intersection,60,-38.496687,145.257596
T20160027327,19/12/2016,14:28:00,Monday,1,Collision with vehicle,3,Day,BASS COAST,SMALL_TOWNS,Not at intersection,60,-38.549739,145.476211
T20160027626,23/12/2016,3:20:00,Friday,7,Fall from or in moving vehicle,3,Dark Street lights on,BASS COAST,TOWNS,Not at intersection,888,-38.45927,145.214811
T20160027673,23/12/2016,15:38:00,Friday,1,Collision with vehicle,2,Day,BASS COAST,RURAL_VICTORIA,Not at intersection,100,-38.514673,145.440603
T20160027701,11/12/2016,11:00:00,Sunday,8,No collision and no object struck,3,Day,BASS COAST,RURAL_VICTORIA,T intersection,999,-38.484268,145.57112
T20160027828,26/12/2016,19:00:00,Monday,6,Vehicle overturned (no collision),2,Day,BASS COAST,SMALL_TOWNS,Not at intersection,50,-38.381456,145.549771
T20160028135,30/12/2016,12:30:00,Friday,4,Collision with a fixed object,3,Day,BASS COAST,RURAL_VICTORIA,Not at intersection,100,-38.392752,145.540723
T20170000055,1/1/2017,19:00:00,Sunday,1,Collision with vehicle,3,Day,BASS COAST,TOWNS,Not at intersection,60,-38.456146,145.2224
T20170000693,12/1/2017,22:20:00,Thursday,2,Struck Pedestrian,2,Dark No street lights,BASS COAST,RURAL_VICTORIA,Not at intersection,100,-38.500699,145.461078
T20170000876,15/1/2017,14:30:00,Sunday,1,Collision with vehicle,3,Day,BASS COAST,SMALL_TOWNS,Cross intersection,999,-38.40752,145.530234
T20170001340,22/1/2017,16:30:00,Sunday,1,Collision with vehicle,3,Day,BASS COAST,RURAL_VICTORIA,Not at intersection,100,-38.46665,145.537689
T20170001399,23/1/2017,13:00:00,Monday,1,Collision with vehicle,3,Day,BASS COAST,RURAL_VICTORIA,Not at intersection,100,-38.38107,145.554009
T20170001488,24/1/2017,20:20:00,Tuesday,1,Collision with vehicle,3,Dusk/Dawn,BASS COAST,TOWNS,T intersection,50,-38.604899,145.590983
T20170001531,25/1/2017,7:30:00,Wednesday,2,Struck Pedestrian,3,Day,BASS COAST,RURAL_VICTORIA,Not at intersection,40,-38.50224,145.229502
T20170001539,25/1/2017,13:45:00,Wednesday,1,Collision with vehicle,3,Day,BASS COAST,TOWNS,Not at intersection,60,-38.52703,145.334846
T20170002037,25/12/2016,12:00:00,Sunday,8,No collision and no object struck,3,Day,BASS COAST,TOWNS,Cross intersection,60,-38.60606,145.59115
T20170002526,8/2/2017,16:40:00,Wednesday,1,Collision with vehicle,3,Day,BASS COAST,RURAL_VICTORIA,T intersection,100,-38.472201,145.474807
T20170002743,14/11/2016,16:00:00,Monday,8,No collision and no object struck,3,Day,BASS COAST,RURAL_VICTORIA,Not at intersection,999,-38.5048,145.229501
T20170003342,19/2/2017,12:00:00,Sunday,1,Collision with vehicle,3,Day,BASS COAST,RURAL_VICTORIA,T intersection,80,-38.516529,145.342933
T20170003645,23/2/2017,12:10:00,Thursday,1,Collision with vehicle,3,Day,BASS COAST,TOWNS,Cross intersection,60,-38.630982,145.725496
T20170003690,23/2/2017,16:50:00,Thursday,1,Collision with vehicle,3,Day,BASS COAST,RURAL_VICTORIA,Not at intersection,100,-38.362439,145.638739
T20170003721,24/2/2017,9:20:00,Friday,1,Collision with vehicle,3,Day,BASS COAST,RURAL_VICTORIA,Cross intersection,80,-38.46361,145.20143
T20170003979,27/2/2017,13:00:00,Monday,4,Collision with a fixed object,2,Day,BASS COAST,RURAL_VICTORIA,Not at intersection,100,-38.34787,145.558218
T20170004241,2/3/2017,9:45:00,Thursday,1,Collision with vehicle,3,Day,BASS COAST,TOWNS,Not at intersection,50,-38.45521,145.20144
T20170004940,11/3/2017,11:20:00,Saturday,1,Collision with vehicle,2,Day,BASS COAST,RURAL_VICTORIA,Not at intersection,100,-38.521509,145.431299
T20170005137,14/3/2017,8:15:00,Tuesday,2,Struck Pedestrian,2,Day,BASS COAST,TOWNS,Not at intersection,50,-38.609392,145.59517
T20170005300,16/3/2017,12:45:00,Thursday,6,Vehicle overturned (no collision),2,Day,BASS COAST,RURAL_VICTORIA,Not at intersection,100,-38.323689,145.542152
T20170006007,25/3/2017,4:14:00,Saturday,4,Collision with a fixed object,1,Dark Street lights on,BASS COAST,RURAL_VICTORIA,Not at intersection,80,-38.520995,145.333478
T20170006318,29/3/2017,7:30:00,Wednesday,1,Collision with vehicle,2,Day,BASS COAST,RURAL_VICTORIA,T intersection,100,-38.472201,145.474807
T20170006397,24/3/2017,11:15:00,Friday,1,Collision with vehicle,3,Day,BASS COAST,RURAL_VICTORIA,Not at intersection,100,-38.586316,145.809977
T20170006581,1/4/2017,12:33:00,Saturday,4,Collision with a fixed object,2,Day,BASS COAST,RURAL_VICTORIA,T intersection,100,-38.528713,145.559138
T20170006631,1/4/2017,18:10:00,Saturday,4,Collision with a fixed object,2,Day,BASS COAST,RURAL_VICTORIA,Not at intersection,100,-38.510698,145.564739
T20170006788,4/4/2017,16:00:00,Tuesday,1,Collision with vehicle,2,Dusk/Dawn,BASS COAST,TOWNS,Not at intersection,50,-38.602672,145.59177
T20170007024,7/4/2017,17:50:00,Friday,1,Collision with vehicle,2,Dusk/Dawn,BASS COAST,RURAL_VICTORIA,Not at intersection,80,-38.480331,145.178251
T20170007434,12/4/2017,18:10:00,Wednesday,4,Collision with a fixed object,2,Dark Street lights on,BASS COAST,RURAL_VICTORIA,Not at intersection,50,-38.4145,145.476607
T20170008132,18/4/2017,16:00:00,Tuesday,1,Collision with vehicle,3,Day,BASS COAST,TOWNS,Cross intersection,60,-38.605804,145.593721
T20170008229,25/4/2017,12:00:00,Tuesday,4,Collision with a fixed object,2,Day,BASS COAST,RURAL_VICTORIA,Not at intersection,100,-38.53334,145.453171
T20170008244,25/4/2017,18:15:00,Tuesday,1,Collision with vehicle,3,Dark Street lights on,BASS COAST,RURAL_VICTORIA,T intersection,100,-38.472201,145.474807
T20170008691,2/5/2017,15:00:00,Tuesday,1,Collision with vehicle,2,Day,BASS COAST,RURAL_VICTORIA,Not at intersection,100,-38.304664,145.569507
T20170008741,3/5/2017,8:50:00,Wednesday,1,Collision with vehicle,3,Day,BASS COAST,TOWNS,Not at intersection,60,-38.60907,145.589229
T20170008970,6/5/2017,18:08:00,Saturday,1,Collision with vehicle,3,Dark Street lights on,BASS COAST,TOWNS,T intersection,70,-38.58882,145.580919
T20170009044,8/5/2017,1:15:00,Monday,3,Struck animal,2,Dark No street lights,BASS COAST,RURAL_VICTORIA,Not at intersection,100,-38.31343,145.540933
T20170010828,3/6/2017,7:50:00,Saturday,2,Struck Pedestrian,2,Day,BASS COAST,TOWNS,Not at intersection,50,-38.44937,145.2435
T20170011396,10/6/2017,19:15:00,Saturday,1,Collision with vehicle,3,Dark Street lights on,BASS COAST,TOWNS,T intersection,80,-38.521077,145.334047
T20170012034,10/6/2017,14:00:00,Saturday,4,Collision with a fixed object,3,Day,BASS COAST,RURAL_VICTORIA,T intersection,999,-38.579746,145.631809
T20170012500,26/6/2017,13:25:00,Monday,5,collision with some other object,2,Day,BASS COAST,RURAL_VICTORIA,Not at intersection,100,-38.562905,145.531641
T20170012781,18/6/2017,16:20:00,Sunday,8,No collision and no object struck,3,Day,BASS COAST,RURAL_VICTORIA,Not at intersection,60,-38.66509,145.598605
T20170012907,1/7/2017,22:10:00,Saturday,4,Collision with a fixed object,2,Dark Street lights on,BASS COAST,TOWNS,Not at intersection,50,-38.452331,145.2368
T20170013228,12/3/2017,6:30:00,Sunday,8,No collision and no object struck,3,Dark Street lights unknown,BASS COAST,RURAL_VICTORIA,Not at intersection,100,-38.561096,145.50445
T20170013496,11/7/2017,16:00:00,Tuesday,1,Collision with vehicle,3,Day,BASS COAST,RURAL_VICTORIA,Cross intersection,60,-38.46364,145.238984
T20170013835,16/7/2017,16:25:00,Sunday,1,Collision with vehicle,1,Day,BASS COAST,RURAL_VICTORIA,T intersection,100,-38.472201,145.474807