ACCIDENT_NO,ACCIDENT_DATE,ACCIDENT_TIME,DAY_WEEK_DESC,ACCIDENT_TYPE,ACCIDENT_TYPE_DESC,SEVERITY_RANK,LIGHT_CONDITION_DESC,LGA_NAME,DEG_URBAN_NAME,ROAD_GEOMETRY_DESC,SPEED_ZONE,LATITUDE,LONGITUDE
T20190014623,5/7/2019,10:15:00,Friday,4,Collision with a fixed object,3,Day,BASS COAST,RURAL_VICTORIA,Not at intersection,100,-38.378138,145.567218
T20190014836,8/8/2019,6:30:00,Thursday,1,Collision with vehicle,2,Dark Street lights on,BASS COAST,TOWNS,Cross intersection,80,-38.58882,145.580919
T20190015148,11/8/2019,21:30:00,Sunday,5,collision with some other object,3,Dark No street lights,BASS COAST,RURAL_VICTORIA,Not at intersection,100,-38.569203,145.716287
T20190015702,11/8/2019,11:11:00,Sunday,1,Collision with vehicle,2,Day,BASS COAST,TOWNS,Not at intersection,50,-38.606052,145.588536
T20190015936,17/7/2019,20:40:00,Wednesday,1,Collision with vehicle,3,Dark Street lights on,BASS COAST,RURAL_VICTORIA,Y intersection,60,-38.488196,145.4641
T20190016582,29/8/2019,13:22:00,Thursday,1,Collision with vehicle,3,Day,BASS COAST,RURAL_VICTORIA,Not at intersection,100,-38.573495,145.71578
T20190018102,17/9/2019,21:12:00,Tuesday,1,Collision with vehicle,3,Dark Street lights on,BASS COAST,RURAL_VICTORIA,T intersection,80,-38.62761,145.717238
T20190019117,25/9/2019,7:00:00,Wednesday,4,Collision with a fixed object,2,Unk.,BASS COAST,RURAL_VICTORIA,Not at intersection,100,-38.550853,145.672125
T20190019919,11/10/2019,13:19:00,Friday,6,Vehicle overturned (no collision),3,Day,BASS COAST,RURAL_VICTORIA,Not at intersection,80,-38.579415,145.574053
T20190020280,19/7/2019,13:45:00,Friday,1,Collision with vehicle,3,Unk.,BASS COAST,TOWNS,T intersection,50,-38.612413,145.585703
T20190020410,18/10/2019,1:00:00,Friday,4,Collision with a fixed object,3,Dark No street lights,BASS COAST,RURAL_VICTORIA,Not at intersection,80,-38.584914,145.602242
T20190020811,11/9/2019,11:00:00,Wednesday,1,Collision with vehicle,3,Day,BASS COAST,TOWNS,Not at intersection,50,-38.600653,145.588591
T20190020915,24/10/2019,11:11:00,Thursday,6,Vehicle overturned (no collision),3,Day,BASS COAST,RURAL_VICTORIA,Not at intersection,60,-38.514779,145.13821
T20190020988,25/10/2019,6:30:00,Friday,8,No collision and no object struck,3,Dusk/Dawn,BASS COAST,TOWNS,Not at intersection,50,-38.448062,145.241331
T20190021134,26/10/2019,15:58:00,Saturday,1,Collision with vehicle,3,Day,BASS COAST,RURAL_VICTORIA,Not at intersection,100,-38.608251,145.758894
T20190021655,25/10/2019,12:27:00,Friday,6,Vehicle overturned (no collision),3,Day,BASS COAST,RURAL_VICTORIA,Not at intersection,100,-38.450457,145.658596
T20190021850,4/11/2019,16:57:00,Monday,1,Collision with vehicle,3,Day,BASS COAST,RURAL_VICTORIA,Not at intersection,80,-38.532167,145.451363
T20190022719,14/11/2019,10:19:00,Thursday,5,collision with some other object,3,Day,BASS COAST,RURAL_VICTORIA,Not at intersection,100,-38.342922,145.644577
T20190022872,17/11/2019,15:15:00,Sunday,1,Collision with vehicle,2,Day,BASS COAST,RURAL_VICTORIA,T intersection,100,-38.486866,145.483345
T20190023130,20/11/2019,7:00:00,Wednesday,4,Collision with a fixed object,2,Day,BASS COAST,RURAL_VICTORIA,Not at intersection,80,-38.518525,145.324053
T20190023422,23/11/2019,12:35:00,Saturday,1,Collision with vehicle,2,Day,BASS COAST,RURAL_VICTORIA,Cross intersection,100,-38.433019,145.496691
T20190023480,24/11/2019,9:35:00,Sunday,4,Collision with a fixed object,2,Day,BASS COAST,RURAL_VICTORIA,Not at intersection,100,-38.492999,145.58085
T20190023668,25/11/2019,17:30:00,Monday,1,Collision with vehicle,2,Day,BASS COAST,SMALL_TOWNS,T intersection,50,-38.512842,145.301721
T20190023873,28/11/2019,18:20:00,Thursday,1,Collision with vehicle,3,Day,BASS COAST,SMALL_TOWNS,Not at intersection,60,-38.505919,145.287583
T20190023958,29/11/2019,19:25:00,Friday,1,Collision with vehicle,3,Dusk/Dawn,BASS COAST,TOWNS,Cross intersection,60,-38.606998,145.593889
T20190024317,3/12/2019,18:11:00,Tuesday,4,Collision with a fixed object,3,Day,BASS COAST,TOWNS,Not at intersection,50,-38.521344,145.338657
T20190024675,7/12/2019,12:30:00,Saturday,1,Collision with vehicle,2,Day,BASS COAST,RURAL_VICTORIA,Not at intersection,100,-38.46457,145.61981
T20190025111,12/12/2019,11:15:00,Thursday,4,Collision with a fixed object,3,Day,BASS COAST,RURAL_VICTORIA,Not at intersection,80,-38.670826,145.660307
T20190025206,13/12/2019,12:37:00,Friday,4,Collision with a fixed object,2,Day,BASS COAST,RURAL_VICTORIA,Not at intersection,80,-38.51926,145.341252
T20190025426,16/12/2019,9:21:00,Monday,4,Collision with a fixed object,3,Day,BASS COAST,TOWNS,Not at intersection,50,-38.45065,145.238979
T20190025448,16/12/2019,11:40:00,Monday,1,Collision with vehicle,3,Day,BASS COAST,TOWNS,Not at intersection,60,-38.453096,145.238976
T20190025693,19/12/2019,10:50:00,Thursday,2,Struck Pedestrian,3,Day,BASS COAST,TOWNS,T intersection,60,-38.634002,145.729423
T20190026127,24/12/2019,10:40:00,Tuesday,1,Collision with vehicle,2,Day,BASS COAST,SMALL_TOWNS,Cross intersection,60,-38.515645,145.359458
T20190026438,29/12/2019,23:30:00,Sunday,4,Collision with a fixed object,2,Dark Street lights on,BASS COAST,RURAL_VICTORIA,Cross intersection,100,-38.467813,145.439996
T20200000004,31/12/2019,22:00:00,Tuesday,1,Collision with vehicle,3,Dark No street lights,BASS COAST,SMALL_TOWNS,Not at intersection,60,-38.431188,145.447515
T20200000308,5/1/2020,17:55:00,Sunday,1,Collision with vehicle,3,Day,BASS COAST,SMALL_TOWNS,Cross intersection,80,-38.468457,145.182042
T20200000376,6/1/2020,15:30:00,Monday,1,Collision with vehicle,2,Day,BASS COAST,RURAL_VICTORIA,T intersection,100,-38.513324,145.449299
T20200000433,7/1/2020,10:55:00,Tuesday,2,Struck Pedestrian,2,Day,BASS COAST,TOWNS,Not at intersection,50,-38.633905,145.728533
T20200000482,7/1/2020,22:00:00,Tuesday,2,Struck Pedestrian,1,Dark No street lights,BASS COAST,RURAL_VICTORIA,Not at intersection,100,-38.52688,145.442273
T20200001298,18/1/2020,11:10:00,Saturday,1,Collision with vehicle,3,Day,BASS COAST,RURAL_VICTORIA,Not at intersection,100,-38.377098,145.558176
T20200003317,12/2/2020,12:05:00,Wednesday,4,Collision with a fixed object,2,Day,BASS COAST,RURAL_VICTORIA,Not at intersection,100,-38.530885,145.548762
T20200003758,29/12/2019,13:27:00,Sunday,1,Collision with vehicle,3,Day,BASS COAST,RURAL_VICTORIA,Not at intersection,999,-38.459038,145.546983
T20200003880,24/10/2019,13:00:00,Thursday,8,No collision and no object struck,3,Day,BASS COAST,RURAL_VICTORIA,Not at intersection,999,-38.599958,145.777897
T20200004549,25/2/2020,20:55:00,Tuesday,1,Collision with vehicle,3,Dark Street lights on,BASS COAST,TOWNS,Not at intersection,50,-38.523899,145.33232
T20200005022,1/3/2020,21:30:00,Sunday,2,Struck Pedestrian,2,Dark No street lights,BASS COAST,TOWNS,Not at intersection,60,-38.637608,145.721736
T20200005148,3/3/2020,11:20:00,Tuesday,1,Collision with vehicle,3,Day,BASS COAST,TOWNS,Cross intersection,50,-38.60606,145.59115
T20200005353,5/3/2020,13:00:00,Thursday,1,Collision with vehicle,3,Day,BASS COAST,RURAL_VICTORIA,T intersection,60,-38.607515,145.607125
T20200005618,7/3/2020,17:45:00,Saturday,1,Collision with vehicle,3,Day,BASS COAST,TOWNS,Cross intersection,60,-38.606696,145.584827
T20200005704,9/3/2020,14:02:00,Monday,1,Collision with vehicle,3,Day,BASS COAST,TOWNS,Not at intersection,50,-38.609107,145.589272
T20200006110,11/3/2020,15:50:00,Wednesday,1,Collision with vehicle,3,Day,BASS COAST,TOWNS,T intersection,50,-38.609659,145.596081
T20200006464,17/3/2020,23:07:00,Tuesday,4,Collision with a fixed object,3,Dark No street lights,BASS COAST,RURAL_VICTORIA,Not at intersection,50,-38.424635,145.529149
T20200006605,17/3/2020,7:40:00,Tuesday,4,Collision with a fixed object,3,Day,BASS COAST,RURAL_VICTORIA,Not at intersection,80,-38.564885,145.579355
T20200007028,26/3/2020,17:15:00,Thursday,1,Collision with vehicle,3,Day,BASS COAST,TOWNS,Not at intersection,50,-38.60086,145.589856
T20200007519,4/4/2020,9:10:00,Saturday,4,Collision with a fixed object,3,Day,BASS COAST,RURAL_VICTORIA,Not at intersection,100,-38.562665,145.529702
T20200008147,19/4/2020,19:00:00,Sunday,4,Collision with a fixed object,2,Dark No street lights,BASS COAST,RURAL_VICTORIA,Not at intersection,100,-38.576196,145.701369
T20200008736,2/5/2020,6:15:00,Saturday,4,Collision with a fixed object,3,Dark No street lights,BASS COAST,RURAL_VICTORIA,Not at intersection,100,-38.548868,145.720291
T20200008893,14/8/2019,12:00:00,Wednesday,4,Collision with a fixed object,3,Day,BASS COAST,RURAL_VICTORIA,Not at intersection,999,-38.472533,145.630437
T20200008933,5/5/2020,16:08:00,Tuesday,1,Collision with vehicle,3,Day,BASS COAST,TOWNS,Not at intersection,60,-38.606166,145.603945
T20200009018,7/5/2020,21:10:00,Thursday,2,Struck Pedestrian,2,Dark Street lights on,BASS COAST,TOWNS,Not at intersection,60,-38.605481,145.596837
T20200009299,13/5/2020,11:15:00,Wednesday,1,Collision with vehicle,3,Day,BASS COAST,TOWNS,Not at intersection,50,-38.455432,145.238979
T20200009960,23/5/2020,8:30:00,Saturday,5,collision with some other object,3,Day,BASS COAST,RURAL_VICTORIA,Not at intersection,60,-38.514661,145.353246
T20200010855,5/6/2020,14:30:00,Friday,1,Collision with vehicle,2,Day,BASS COAST,SMALL_TOWNS,Not at intersection,60,-38.511314,145.298207
T20200011150,13/5/2020,15:20:00,Wednesday,1,Collision with vehicle,2,Day,BASS COAST,RURAL_VICTORIA,Multiple intersection,100,-38.433019,145.496691
T20200011486,24/3/2020,15:00:00,Tuesday,1,Collision with vehicle,3,Day,BASS COAST,RURAL_VICTORIA,T intersection,100,-38.612478,145.634222
T20200012493,28/6/2020,14:31:00,Sunday,1,Collision with vehicle,2,Day,BASS COAST,TOWNS,Cross intersection,60,-38.61499,145.585337
T20200013197,1/7/2020,6:30:00,Wednesday,1,Collision with vehicle,3,Dark No street lights,BASS COAST,RURAL_VICTORIA,Not at intersection,50,-38.46364,145.238984
T20200014316,1/7/2020,21:00:00,Wednesday,4,Collision with a fixed object,3,Dark No street lights,BASS COAST,RURAL_VICTORIA,Not at intersection,100,-38.330127,145.548495
T20200014411,29/7/2020,10:45:00,Wednesday,6,Vehicle overturned (no collision),3,Day,BASS COAST,RURAL_VICTORIA,Not at intersection,100,-38.528623,145.720016
T20200014487,31/7/2020,11:10:00,Friday,1,Collision with vehicle,2,Day,BASS COAST,RURAL_VICTORIA,Not at intersection,100,-38.566768,145.561268
T20200014556,31/7/2020,18:50:00,Friday,8,No collision and no object struck,2,Dark No street lights,BASS COAST,RURAL_VICTORIA,Not at intersection,100,-38.470128,145.4582
T20200014571,1/8/2020,19:50:00,Saturday,2,Struck Pedestrian,3,Dark Street lights on,BASS COAST,TOWNS,Not at intersection,50,-38.607022,145.588704
T20200014649,3/8/2020,8:15:00,Monday,6,Vehicle overturned (no collision),2,Day,BASS COAST,RURAL_VICTORIA,Not at intersection,100,-38.470133,145.458235
T20200015080,12/8/2020,5:30:00,Wednesday,4,Collision with a fixed object,2,Dark No street lights,BASS COAST,RURAL_VICTORIA,Not at intersection,100,-38.586409,145.617278
T20200015261,6/8/2020,14:27:00,Thursday,1,Collision with vehicle,3,Day,BASS COAST,TOWNS,T intersection,60,-38.520838,145.37541
T20200015459,21/8/2020,8:30:00,Friday,1,Collision with vehicle,3,Day,BASS COAST,TOWNS,Not at intersection,60,-38.596695,145.592209
T20200015718,26/8/2020,16:35:00,Wednesday,1,Collision with vehicle,2,Day,BASS COAST,RURAL_VICTORIA,T intersection,100,-38.427034,145.467309
T20200016294,7/9/2020,16:16:00,Monday,6,Vehicle overturned (no collision),2,Day,BASS COAST,RURAL_VICTORIA,Not at intersection,100,-38.627102,145.584152
T20200016616,14/9/2020,16:05:00,Monday,4,Collision with a fixed object,2,Day,BASS COAST,TOWNS,T intersection,60,-38.605179,145.599745
T20200017158,25/9/2020,19:25:00,Friday,1,Collision with vehicle,3,Dark Street lights on,BASS COAST,TOWNS,Cross intersection,60,-38.456133,145.210688
T20200017560,3/10/2020,13:00:00,Saturday,1,Collision with vehicle,3,Day,BASS COAST,RURAL_VICTORIA,Not at intersection,100,-38.616574,145.741527
T20200017839,8/10/2020,16:40:00,Thursday,1,Collision with vehicle,2,Day,BASS COAST,RURAL_VICTORIA,Not at intersection,100,-38.294434,145.555428
T20200018096,14/10/2020,0:15:00,Wednesday,4,Collision with a fixed object,1,Dark No street lights,BASS COAST,RURAL_VICTORIA,Not at intersection,100,-38.380975,145.61554
T20200018639,22/10/2020,20:22:00,Thursday,6,Vehicle overturned (no collision),3,Dark Street lights on,BASS COAST,RURAL_VICTORIA,Not at intersection,100,-38.635678,145.603032
T20200018897,27/10/2020,9:14:00,Tuesday,6,Vehicle overturned (no collision),3,Day,BASS COAST,RURAL_VICTORIA,T intersection,80,-38.519676,145.340827
T20200018925,27/10/2020,14:35:00,Tuesday,4,Collision with a fixed object,3,Day,BASS COAST,RURAL_VICTORIA,Not at intersection,100,-38.362679,145.638494
T20200019295,2/11/2020,8:35:00,Monday,6,Vehicle overturned (no collision),3,Day,BASS COAST,RURAL_VICTORIA,Not at intersection,100,-38.539858,145.556544
T20200019454,27/10/2020,16:00:00,Tuesday,2,Struck Pedestrian,3,Day,BASS COAST,TOWNS,Not at intersection,50,-38.455616,145.238981
T20200020022,12/11/2020,17:28:00,Thursday,1,Collision with vehicle,2,Day,BASS COAST,TOWNS,Cross intersection,50,-38.61572,145.592458
T20200021296,28/11/2020,16:30:00,Saturday,4,Collision with a fixed object,3,Day,BASS COAST,TOWNS,Cross intersection,50,-38.605804,145.593721
T20200022215,9/12/2020,21:08:00,Wednesday,2,Struck Pedestrian,3,Dark No street lights,BASS COAST,TOWNS,Not at intersection,60,-38.456132,145.210027
T20200023241,13/11/2020,15:30:00,Friday,1,Collision with vehicle,3,Day,BASS COAST,TOWNS,Cross intersection,50,-38.605156,145.588387
T20200023780,28/12/2020,21:45:00,Monday,1,Collision with vehicle,2,Dark No street lights,BASS COAST,RURAL_VICTORIA,Not at intersection,100,-38.393587,145.539991
T20200023813,30/12/2020,12:40:00,Wednesday,1,Collision with vehicle,2,Day,BASS COAST,RURAL_VICTORIA,Not at intersection,80,-38.500191,145.27631
T20200023846,27/12/2020,13:00:00,Sunday,4,Collision with a fixed object,2,Day,BASS COAST,RURAL_VICTORIA,Not at intersection,80,-38.516944,145.318012
T20210000223,14/11/2020,23:00:00,Saturday,4,Collision with a fixed object,3,Dark No street lights,BASS COAST,RURAL_VICTORIA,Not at intersection,100,-38.427572,145.508217
T20210000225,4/1/2021,13:20:00,Monday,1,Collision with vehicle,3,Day,BASS COAST,SMALL_TOWNS,Cross intersection,60,-38.563775,145.543006
T20210000278,4/1/2021,22:00:00,Monday,1,Collision with vehicle,2,Dark No street lights,BASS COAST,RURAL_VICTORIA,Not at intersection,80,-38.475376,145.257639
T20210000566,9/1/2021,18:45:00,Saturday,1,Collision with vehicle,3,Day,BASS COAST,RURAL_VICTORIA,Not at intersection,100,-38.512662,145.443318
T20210000670,11/1/2021,12:00:00,Monday,1,Collision with vehicle,2,Day,BASS COAST,TOWNS,Not at intersection,60,-38.6371,145.714991
T20210001363,10/1/2021,16:30:00,Sunday,6,Vehicle overturned (no collision),3,Day,BASS COAST,TOWNS,Not at intersection,60,-38.454278,145.204322
T20210001380,20/1/2021,9:50:00,Wednesday,1,Collision with vehicle,2,Day,BASS COAST,SMALL_TOWNS,T intersection,60,-38.431845,145.447373
T20210001630,15/1/2021,11:30:00,Friday,1,Collision with vehicle,3,Day,BASS COAST,TOWNS,Not at intersection,60,-38.592104,145.580297
T20210001890,27/1/2021,10:00:00,Wednesday,1,Collision with vehicle,3,Day,BASS COAST,TOWNS,T intersection,40,-38.607263,145.591324
T20210002665,24/1/2021,13:00:00,Sunday,1,Collision with vehicle,2,Day,BASS COAST,TOWNS,Not at intersection,999,-38.520706,145.368536
T20210003160,6/2/2021,15:45:00,Saturday,8,No collision and no object struck,3,Day,BASS COAST,RURAL_VICTORIA,T intersection,60,-38.410693,145.572312
T20210003914,22/2/2021,10:25:00,Monday,1,Collision with vehicle,3,Day,BASS COAST,TOWNS,Cross intersection,60,-38.609522,145.589752
T20210004054,23/2/2021,14:15:00,Tuesday,1,Collision with vehicle,3,Day,BASS COAST,RURAL_VICTORIA,Cross intersection,100,-38.334869,145.6184
T20210004963,6/3/2021,9:45:00,Saturday,1,Collision with vehicle,3,Day,BASS COAST,RURAL_VICTORIA,Not at intersection,100,-38.522968,145.409289
T20210005059,8/3/2021,0:20:00,Monday,6,Vehicle overturned (no collision),3,Dark Street lights on,BASS COAST,TOWNS,Not at intersection,60,-38.45233,145.242483
T20210005125,8/3/2021,16:30:00,Monday,1,Collision with vehicle,3,Day,BASS COAST,TOWNS,Not at intersection,60,-38.604866,145.591317
T20210005170,6/3/2021,11:15:00,Saturday,1,Collision with vehicle,3,Day,BASS COAST,TOWNS,Not at intersection,60,-38.605783,145.593912
T20210005207,9/3/2021,11:04:00,Tuesday,2,Struck Pedestrian,2,Day,BASS COAST,RURAL_VICTORIA,Cross intersection,60,-38.407583,145.530382
T20210005599,13/3/2021,16:05:00,Saturday,4,Collision with a fixed object,3,Day,BASS COAST,RURAL_VICTORIA,Not at intersection,100,-38.342852,145.644359
T20210005973,17/3/2021,8:20:00,Wednesday,1,Collision with vehicle,3,Day,BASS COAST,TOWNS,T intersection,60,-38.521201,145.378273
T20210006046,18/3/2021,18:55:00,Thursday,6,Vehicle overturned (no collision),3,Dusk/Dawn,BASS COAST,RURAL_VICTORIA,Not at intersection,60,-38.4671,145.22017
T20210006294,21/3/2021,16:10:00,Sunday,1,Collision with vehicle,2,Day,BASS COAST,RURAL_VICTORIA,Not at intersection,100,-38.342592,145.641884
T20210006964,29/3/2021,3:13:00,Monday,6,Vehicle overturned (no collision),3,Dark No street lights,BASS COAST,RURAL_VICTORIA,Not at intersection,100,-38.469215,145.627507
T20210007207,31/3/2021,12:10:00,Wednesday,4,Collision with a fixed object,3,Day,BASS COAST,SMALL_TOWNS,Not at intersection,100,-38.382162,145.552538
T20210007273,1/4/2021,10:47:00,Thursday,1,Collision with vehicle,3,Day,BASS COAST,RURAL_VICTORIA,Not at intersection,100,-38.567643,145.562667
T20210007443,3/4/2021,11:45:00,Saturday,1,Collision with vehicle,2,Day,BASS COAST,RURAL_VICTORIA,T intersection,80,-38.496601,145.160436
T20210007759,7/4/2021,8:00:00,Wednesday,1,Collision with vehicle,3,Day,BASS COAST,RURAL_VICTORIA,Not at intersection,40,-38.52569,145.446751
T20210007794,7/4/2021,17:16:00,Wednesday,1,Collision with vehicle,2,Day,BASS COAST,RURAL_VICTORIA,Not at intersection,100,-38.562407,145.527623
T20210007914,9/4/2021,9:20:00,Friday,1,Collision with vehicle,2,Day,BASS COAST,TOWNS,Not at intersection,60,-38.456157,145.245946
T20210008568,31/3/2021,11:51:00,Wednesday,2,Struck Pedestrian,2,Unk.,BASS COAST,TOWNS,Not at intersection,60,-38.45059,145.238979
T20210008701,19/4/2021,11:05:00,Monday,4,Collision with a fixed object,3,Day,BASS COAST,RURAL_VICTORIA,T intersection,100,-38.595906,145.725846
T20210008822,20/4/2021,13:35:00,Tuesday,1,Collision with vehicle,2,Day,BASS COAST,RURAL_VICTORIA,Not at intersection,100,-38.486961,145.647479
T20210008961,22/4/2021,10:37:00,Thursday,2,Struck Pedestrian,2,Day,BASS COAST,TOWNS,Not at intersection,888,-38.45517,145.238977
T20210009148,24/4/2021,15:10:00,Saturday,6,Vehicle overturned (no collision),3,Day,BASS COAST,TOWNS,Not at intersection,50,-38.450286,145.238163
T20210009326,26/4/2021,15:40:00,Monday,4,Collision with a fixed object,2,Day,BASS COAST,TOWNS,Not at intersection,50,-38.616266,145.585855
T20210009708,1/5/2021,1:20:00,Saturday,4,Collision with a fixed object,3,Dark No street lights,BASS COAST,RURAL_VICTORIA,Not at intersection,80,-38.531009,145.448985
T20210009948,2/5/2021,14:15:00,Sunday,4,Collision with a fixed object,2,Day,BASS COAST,SMALL_TOWNS,Not at intersection,80,-38.413689,145.544346
T20210010205,6/5/2021,5:42:00,Thursday,6,Vehicle overturned (no collision),3,Dark No street lights,BASS COAST,RURAL_VICTORIA,Not at intersection,100,-38.468702,145.627186
T20210010866,14/5/2021,12:10:00,Friday,4,Collision with a fixed object,2,Day,BASS COAST,RURAL_VICTORIA,Not at intersection,100,-38.509629,145.698245
T20210011434,21/5/2021,9:40:00,Friday,1,Collision with vehicle,3,Day,BASS COAST,TOWNS,Cross intersection,50,-38.605156,145.588387
T20210011880,26/5/2021,12:55:00,Wednesday,8,No collision and no object struck,3,Day,BASS COAST,RURAL_VICTORIA,Not at intersection,999,-38.52638,145.445021
T20210011897,23/4/2021,18:00:00,Friday,4,Collision with a fixed object,3,Dark No street lights,BASS COAST,RURAL_VICTORIA,Not at intersection,999,-38.524834,145.724635
T20210012060,28/5/2021,12:33:00,Friday,1,Collision with vehicle,3,Day,BASS COAST,SMALL_TOWNS,Cross intersection,60,-38.496687,145.257596
T20210012745,9/6/2021,7:05:00,Wednesday,2,Struck Pedestrian,3,Dusk/Dawn,BASS COAST,TOWNS,Not at intersection,60,-38.590695,145.584803
T20210013385,18/6/2021,17:44:00,Friday,1,Collision with vehicle,3,Dark Street lights on,BASS COAST,RURAL_VICTORIA,T intersection,60,-38.667593,145.621061
T20210013588,11/6/2021,17:20:00,Friday,1,Collision with vehicle,3,Dark Street lights on,BASS COAST,TOWNS,Cross intersection,50,-38.452325,145.238981
T20210013678,22/6/2021,15:13:00,Tuesday,1,Collision with vehicle,3,Day,BASS COAST,TOWNS,T intersection,80,-38.625847,145.741119
T20210014089,27/6/2021,13:40:00,Sunday,8,No collision and no object struck,3,Day,BASS COAST,TOWNS,Not at intersection,50,-38.593035,145.592244
T20210015264,11/7/2021,13:40:00,Sunday,1,Collision with vehicle,3,Day,BASS COAST,SMALL_TOWNS,Cross intersection,60,-38.515645,145.359458
T20210016084,22/7/2021,9:00:00,Thursday,2,Struck Pedestrian,3,Day,BASS COAST,TOWNS,T intersection,999,-38.605738,145.58848
T20210016654,1/8/2021,0:02:00,Sunday,6,Vehicle overturned (no collision),3,Dark No street lights,BASS COAST,RURAL_VICTORIA,Not at intersection,100,-38.500821,145.466838
T20210016773,2/8/2021,14:00:00,Monday,4,Collision with a fixed object,3,Day,BASS COAST,RURAL_VICTORIA,Not at intersection,80,-38.419141,145.463699
T20210017209,9/8/2021,10:20:00,Monday,2,Struck Pedestrian,3,Day,BASS COAST,TOWNS,Not at intersection,50,-38.63618,145.710587
T20210017880,28/6/2021,14:40:00,Monday,8,No collision and no object struck,3,Day,BASS COAST,RURAL_VICTORIA,Not at intersection,100,-38.508115,145.45058
T20210018003,22/8/2021,18:38:00,Sunday,1,Collision with vehicle,3,Dark Street lights on,BASS COAST,TOWNS,Cross intersection,60,-38.450285,145.238979
T20210018218,26/8/2021,23:39:00,Thursday,4,Collision with a fixed object,2,Dark No street lights,BASS COAST,RURAL_VICTORIA,T intersection,100,-38.496601,145.160436
T20210018346,29/8/2021,16:25:00,Sunday,1,Collision with vehicle,2,Day,BASS COAST,TOWNS,Cross intersection,60,-38.452325,145.220171
T20210018717,5/9/2021,17:00:00,Sunday,1,Collision with vehicle,2,Day,BASS COAST,TOWNS,Cross intersection,60,-38.612974,145.593961
T20210019018,11/9/2021,6:45:00,Saturday,4,Collision with a fixed object,2,Dusk/Dawn,BASS COAST,RURAL_VICTORIA,Not at intersection,100,-38.358255,145.561233
T20210019053,12/9/2021,8:15:00,Sunday,1,Collision with vehicle,2,Day,BASS COAST,SMALL_TOWNS,Not at intersection,80,-38.404582,145.532778